2025-05-29 20:25:04,0,1,1,Maintain
2025-05-29 20:25:09,0,1,1,Maintain
2025-05-29 20:25:14,0,1,1,Maintain
2025-05-29 20:25:19,0,1,1,Maintain
2025-05-29 20:25:24,0,1,1,Maintain
2025-05-29 20:25:29,0,1,1,Maintain
2025-05-29 20:25:34,0,1,1,Maintain
2025-05-29 20:25:39,0,1,1,Maintain
2025-05-29 20:25:44,0,1,1,Maintain
2025-05-29 20:25:49,0,1,1,Maintain
2025-05-29 20:25:54,0,1,1,Maintain
2025-05-29 20:25:59,0,1,1,Maintain
2025-05-29 20:26:04,0,1,1,Maintain
2025-05-29 20:26:09,0,1,1,Maintain
2025-05-29 20:26:14,0,1,1,Maintain
2025-05-29 20:26:20,0,1,1,Maintain
2025-05-29 20:26:25,0,1,1,Maintain
2025-05-29 20:26:30,0,1,1,Maintain
2025-05-29 20:26:35,0,1,1,Maintain
2025-05-29 20:26:40,0,1,1,Maintain
2025-05-29 20:26:45,0,1,1,Maintain
2025-05-29 20:26:50,0,1,1,Maintain
2025-05-29 20:26:55,0,1,1,Maintain
2025-05-29 20:27:00,0,1,1,Maintain
2025-05-29 20:27:05,0,1,1,Maintain
2025-05-29 20:27:10,0,1,1,Maintain
2025-05-29 20:27:15,0,1,1,Maintain
2025-05-29 20:27:20,0,1,1,Maintain
2025-05-29 20:27:25,0,1,1,Maintain
2025-05-29 20:27:30,0,1,1,Maintain
2025-05-29 20:27:35,0,1,1,Maintain
2025-05-29 20:27:40,0,1,1,Maintain
2025-05-29 20:27:45,0,1,1,Maintain
2025-05-29 20:27:50,0,1,1,Maintain
2025-05-29 20:27:55,0,1,1,Maintain
2025-05-29 20:28:00,0,1,1,Maintain
2025-05-29 20:28:05,0,1,1,Maintain
2025-05-29 20:28:10,0,1,1,Maintain
2025-05-29 20:28:15,0,1,1,Maintain
2025-05-29 20:28:20,0,1,1,Maintain
2025-05-29 20:28:25,0,1,1,Maintain
2025-05-29 20:28:30,0,1,1,Maintain
2025-05-29 20:28:35,0,1,1,Maintain
2025-05-29 20:28:40,0,1,1,Maintain
2025-05-29 20:28:45,0,1,1,Maintain
2025-05-29 20:28:50,0,1,1,Maintain
2025-05-29 20:28:55,0,1,1,Maintain
2025-05-29 20:29:00,0,1,1,Maintain
2025-05-29 20:29:05,0,1,1,Maintain
2025-05-29 20:29:10,0,1,1,Maintain
2025-05-29 20:29:15,0,1,1,Maintain
2025-05-29 20:29:20,0,1,1,Maintain
2025-05-29 20:29:25,0,1,1,Maintain
2025-05-29 20:29:30,0,1,1,Maintain
2025-05-29 20:29:35,0,1,1,Maintain
2025-05-29 20:29:40,0,1,1,Maintain
2025-05-29 20:29:45,0,1,1,Maintain
2025-05-29 20:29:50,0,1,1,Maintain
2025-05-29 20:29:55,0,1,1,Maintain
2025-05-29 20:30:00,0,1,1,Maintain
2025-05-29 20:30:05,0,1,1,Maintain
2025-05-29 20:30:10,0,1,1,Maintain
2025-05-29 20:30:15,0,1,1,Maintain
2025-05-29 20:30:20,0,1,1,Maintain
2025-05-29 20:30:25,0,1,1,Maintain
2025-05-29 20:30:30,0,1,1,Maintain
2025-05-29 20:30:35,0,1,1,Maintain
2025-05-29 20:30:41,0,1,1,Maintain
2025-05-29 20:30:46,0,1,1,Maintain
2025-05-29 20:30:51,0,1,1,Maintain
2025-05-29 20:30:56,0,1,1,Maintain
2025-05-29 20:31:01,0,1,1,Maintain
2025-05-29 20:31:06,0,1,1,Maintain
2025-05-29 20:31:11,0,1,1,Maintain
2025-05-29 20:31:16,0,1,1,Maintain
2025-05-29 20:31:21,0,1,1,Maintain
2025-05-29 20:31:26,0,1,1,Maintain
2025-05-29 20:31:31,0,1,1,Maintain
2025-05-29 20:31:36,0,1,1,Maintain
2025-05-29 20:31:41,0,1,1,Maintain
2025-05-29 20:31:46,0,1,1,Maintain
2025-05-29 20:31:51,0,1,1,Maintain
2025-05-29 20:31:56,0,1,1,Maintain
2025-05-29 20:32:01,0,1,1,Maintain
2025-05-29 20:32:06,0,1,1,Maintain
2025-05-29 20:32:11,0,1,1,Maintain
2025-05-29 20:32:16,0,1,1,Maintain
2025-05-29 20:32:21,0,1,1,Maintain
2025-05-29 20:32:26,0,1,1,Maintain
2025-05-29 20:32:31,0,1,1,Maintain
2025-05-29 20:32:36,0,1,1,Maintain
2025-05-29 20:32:41,0,1,1,Maintain
2025-05-29 20:32:46,0,1,1,Maintain
2025-05-29 20:32:51,0,1,1,Maintain
2025-05-29 20:32:56,0,1,1,Maintain
2025-05-29 20:33:01,0,1,1,Maintain
2025-05-29 20:33:06,0,1,1,Maintain
2025-05-29 20:33:11,0,1,1,Maintain
2025-05-29 20:33:16,0,1,1,Maintain
2025-05-29 20:33:21,0,1,1,Maintain
2025-05-29 20:33:26,0,1,1,Maintain
2025-05-29 20:33:31,0,1,1,Maintain
2025-05-29 20:33:36,0,1,1,Maintain
2025-05-29 20:33:41,0,1,1,Maintain
2025-05-29 20:33:46,0,1,1,Maintain
2025-05-29 20:33:51,0,1,1,Maintain
2025-05-29 20:33:56,0,1,1,Maintain
2025-05-29 20:34:01,0,1,1,Maintain
2025-05-29 20:34:06,0,1,1,Maintain
2025-05-29 20:34:11,0,1,1,Maintain
2025-05-29 20:34:16,0,1,1,Maintain
2025-05-29 20:34:21,0,1,1,Maintain
2025-05-29 20:34:26,0,1,1,Maintain
2025-05-29 20:34:31,0,1,1,Maintain
2025-05-29 20:34:37,0,1,1,Maintain
2025-05-29 20:34:42,0,1,1,Maintain
2025-05-29 20:34:47,0,1,1,Maintain
2025-05-29 20:34:52,0,1,1,Maintain
2025-05-29 20:34:57,0,1,1,Maintain
2025-05-29 20:35:02,0,1,1,Maintain
2025-05-29 20:35:07,0,1,1,Maintain
2025-05-29 20:35:12,0,1,1,Maintain
2025-05-29 20:35:17,0,1,1,Maintain
2025-05-29 20:35:22,0,1,1,Maintain
2025-05-29 20:35:27,0,1,1,Maintain
2025-05-29 20:35:32,0,1,1,Maintain
2025-05-29 20:35:37,0,1,1,Maintain
2025-05-29 20:35:42,0,1,1,Maintain
2025-05-29 20:35:47,0,1,1,Maintain
2025-05-29 20:35:52,0,1,1,Maintain
2025-05-29 20:35:57,0,1,1,Maintain
2025-05-29 20:36:02,0,1,1,Maintain
2025-05-29 20:36:07,0,1,1,Maintain
2025-05-29 20:36:12,0,1,1,Maintain
2025-05-29 20:36:17,0,1,1,Maintain
2025-05-29 20:36:22,0,1,1,Maintain
2025-05-29 20:36:27,0,1,1,Maintain
2025-05-29 20:36:32,0,1,1,Maintain
2025-05-29 20:36:37,0,1,1,Maintain
2025-05-29 20:36:42,0,1,1,Maintain
2025-05-29 20:36:47,0,1,1,Maintain
2025-05-29 20:36:52,0,1,1,Maintain
2025-05-29 20:36:57,0,1,1,Maintain
2025-05-29 20:37:02,0,1,1,Maintain
